{
  "singles": [
    {
      "match": "76ers vs Mavericks",
      "team": "Mavericks",
      "probability": 0.7361536025,
      "odds": 2.5,
      "amount": 80.0,
      "potential_profit": 120.0,
      "expected_profit": 67.23072049999999,
      "risk_amount": 80.0
    },
    {
      "match": "Trail Blazers vs Pacers",
      "team": "Trail Blazers",
      "probability": 0.6317596918,
      "odds": 2.8,
      "amount": 80.0,
      "potential_profit": 144.0,
      "expected_profit": 61.51417096320001,
      "risk_amount": 80.0
    },
    {
      "match": "Cavaliers vs Celtics",
      "team": "Cavaliers",
      "probability": 0.7273918112,
      "odds": 1.8695652173913042,
      "amount": 80.0,
      "potential_profit": 69.56521739130434,
      "expected_profit": 28.792514370782598,
      "risk_amount": 80.0
    }
  ],
  "parlays": [
    {
      "type": "2_team_parlay",
      "matches": [
        "76ers vs Mavericks",
        "Trail Blazers vs Pacers"
      ],
      "teams": [
        "Mavericks",
        "Trail Blazers"
      ],
      "probability": 0.4650721730328597,
      "odds": 7.0,
      "boosted_odds": 7.6000000000000005,
      "amount": 120.0,
      "potential_profit": 792.0000000000001,
      "expected_profit": 304.1458218059681,
      "risk_amount": 120.0
    },
    {
      "type": "3_team_parlay",
      "matches": [
        "76ers vs Mavericks",
        "Cavaliers vs Celtics",
        "Trail Blazers vs Pacers"
      ],
      "teams": [
        "Mavericks",
        "Cavaliers",
        "Trail Blazers"
      ],
      "probability": 0.33828969028109157,
      "odds": 13.086956521739129,
      "boosted_odds": 15.504347826086954,
      "amount": 120.0,
      "potential_profit": 1740.5217391304345,
      "expected_profit": 509.39532289167255,
      "risk_amount": 120.0
    }
  ],
  "total_investment": 480.0,
  "expected_profit": 971.0785505316233,
  "max_loss": 480.0
}