{
  "singles": [
    {
      "match": "Pistons vs Hornets",
      "team": "Pistons",
      "probability": 0.8960475065,
      "odds": 1.1428571428571428,
      "amount": 67.3520207999998,
      "potential_profit": 9.621717257142825,
      "expected_profit": 1.6201052520870016,
      "risk_amount": 67.3520207999998
    }
  ],
  "parlays": [],
  "total_investment": 67.3520207999998,
  "expected_profit": 1.6201052520870016,
  "max_loss": 67.3520207999998
}