{
  "singles": [
    {
      "match": "Pacers vs Knicks",
      "team": "Pacers",
      "probability": 0.7203020794,
      "odds": 2.2,
      "amount": 80.0,
      "potential_profit": 96.00000000000001,
      "expected_profit": 46.773165974400015,
      "risk_amount": 80.0
    },
    {
      "match": "Bulls vs Pistons",
      "team": "Pistons",
      "probability": 0.746276348,
      "odds": 1.5208333333333335,
      "amount": 80.0,
      "potential_profit": 41.66666666666668,
      "expected_profit": 10.796955673333336,
      "risk_amount": 80.0
    },
    {
      "match": "Suns vs Grizzlies",
      "team": "Grizzlies",
      "probability": 0.7009321498000001,
      "odds": 1.5405405405405406,
      "amount": 59.06265077200009,
      "potential_profit": 31.925757174054105,
      "expected_profit": 4.714049616507086,
      "risk_amount": 59.06265077200009
    }
  ],
  "parlays": [
    {
      "type": "2_team_parlay",
      "matches": [
        "Pacers vs Knicks",
        "Bulls vs Pistons"
      ],
      "teams": [
        "Pacers",
        "Pistons"
      ],
      "probability": 0.537544405271438,
      "odds": 3.345833333333334,
      "boosted_odds": 3.5804166666666677,
      "amount": 120.0,
      "potential_profit": 309.65000000000015,
      "expected_profit": 110.9559537248734,
      "risk_amount": 120.0
    },
    {
      "type": "3_team_parlay",
      "matches": [
        "Pacers vs Knicks",
        "Bulls vs Pistons",
        "Suns vs Grizzlies"
      ],
      "teams": [
        "Pacers",
        "Pistons",
        "Grizzlies"
      ],
      "probability": 0.3767821555998715,
      "odds": 5.154391891891893,
      "boosted_odds": 5.985270270270272,
      "amount": 120.0,
      "potential_profit": 598.2324324324326,
      "expected_profit": 150.617164113631,
      "risk_amount": 120.0
    }
  ],
  "total_investment": 459.0626507720001,
  "expected_profit": 323.85728910274486,
  "max_loss": 459.0626507720001
}